{
  "version": 1,
  "author": "Lucas Souza",
  "editor": "wokwi",
  "parts": [
    { "type": "board-esp32-s3-devkitc-1", "id": "esp", "top": -0.94, "left": -2.8, "attrs": {} },
    {
      "type": "wokwi-led",
      "id": "led1",
      "top": 148.44,
      "left": 258.59,
      "attrs": { "color": "yellow", "flip": "1" }
    },
    {
      "type": "wokwi-led",
      "id": "led2",
      "top": 101.42,
      "left": 256.95,
      "attrs": { "color": "white", "flip": "1" }
    },
    {
      "type": "wokwi-led",
      "id": "led3",
      "top": 44.87,
      "left": 255.92,
      "attrs": { "color": "red", "flip": "1" }
    },
    {
      "type": "wokwi-led",
      "id": "led4",
      "top": -4.1,
      "left": 257.92,
      "attrs": { "color": "limegreen", "flip": "1" }
    },
    {
      "type": "wokwi-resistor",
      "id": "r1",
      "top": 177.29,
      "left": 190.21,
      "attrs": { "value": "330" }
    },
    {
      "type": "wokwi-resistor",
      "id": "r2",
      "top": 132.52,
      "left": 191.9,
      "attrs": { "value": "330" }
    },
    {
      "type": "wokwi-resistor",
      "id": "r3",
      "top": 77.56,
      "left": 191.55,
      "attrs": { "value": "330" }
    },
    {
      "type": "wokwi-resistor",
      "id": "r4",
      "top": 28.03,
      "left": 190.54,
      "attrs": { "value": "330" }
    },
    {
      "type": "wokwi-pushbutton",
      "id": "btn1",
      "top": 95.12,
      "left": -100.23,
      "attrs": { "color": "black", "label": "Save" }
    },
    {
      "type": "wokwi-pushbutton",
      "id": "btn2",
      "top": 179.33,
      "left": -101.57,
      "attrs": { "color": "black", "label": "Play" }
    },
    {
      "type": "wokwi-buzzer",
      "id": "bz1",
      "top": 248.52,
      "left": 181.49,
      "attrs": { "volume": "0.1" }
    },
    {
      "type": "wokwi-photoresistor-sensor",
      "id": "ldr1",
      "top": -79.62,
      "left": -96.49,
      "attrs": {}
    },
    {
      "type": "wokwi-led",
      "id": "led5",
      "top": 117.05,
      "left": -182.03,
      "attrs": { "color": "cyan" }
    },
    {
      "type": "wokwi-resistor",
      "id": "r6",
      "top": 245.57,
      "left": -166.34,
      "attrs": { "value": "330" }
    }
  ],
  "connections": [
    [ "esp:TX", "$serialMonitor:RX", "", [] ],
    [ "esp:RX", "$serialMonitor:TX", "", [] ],
    [ "bz1:1", "esp:GND.4", "black", [ "h-92.85", "v-125.8" ] ],
    [ "led1:A", "r1:2", "yellow", [ "v0" ] ],
    [ "led2:A", "r2:2", "white", [ "v-0.86", "h-20.3", "v3.61", "h3.61" ] ],
    [ "led3:A", "r3:2", "red", [ "v0" ] ],
    [ "led4:A", "r4:2", "green", [ "v0" ] ],
    [ "r1:1", "esp:36", "yellow", [ "h-14.39", "v-52.65" ] ],
    [ "r2:1", "esp:40", "white", [ "h-8.3", "v-46.28" ] ],
    [ "r3:1", "esp:2", "red", [ "h-3.29", "v-20.12" ] ],
    [ "r4:1", "esp:1", "green", [ "v0" ] ],
    [ "led1:C", "esp:GND.4", "black", [ "v0" ] ],
    [ "led2:C", "esp:GND.4", "black", [ "h8.96", "v86.22" ] ],
    [ "led3:C", "esp:GND.4", "black", [ "h16.21", "v142.77" ] ],
    [ "led4:C", "esp:GND.4", "black", [ "h21.99", "v191.74" ] ],
    [ "btn1:1.r", "esp:5", "limegreen", [ "v0" ] ],
    [ "btn2:1.r", "esp:7", "blue", [ "h11.31", "v-106.69" ] ],
    [ "btn2:2.l", "esp:GND.1", "black", [ "h-10.34", "v20.54", "h114.19" ] ],
    [ "btn1:2.l", "esp:GND.1", "black", [ "h-18.68", "v114.08", "h121.19" ] ],
    [ "led5:A", "esp:9", "cyan", [ "v0" ] ],
    [ "r6:2", "esp:GND.1", "black", [ "v-0.82", "h108.58" ] ],
    [ "r6:1", "led5:C", "black", [ "v0" ] ],
    [ "ldr1:GND", "esp:GND.2", "black", [ "h0" ] ],
    [ "bz1:2", "esp:11", "orange", [ "v14.66", "h-228.59", "v-163.54" ] ],
    [ "ldr1:VCC", "esp:5V", "red", [ "h0" ] ],
    [ "ldr1:DO", "esp:4", "green", [ "h41.63", "v-54.93", "h-273.86", "v155.59" ] ],
    [ "ldr1:AO", "esp:GND.2", "green", [ "h0" ] ]
  ]
}